id,talent,new talent,date,Project,task,time,description,send_approval,is_approved,replaced,reason,approved_at,approved_by,id,project_code,name,description,from_date,to_date,type,status,url,estimated_hours,stable_talents,assigned_tasks,sub_project,billable,is_head,id,task_code,task_desc,billable,is_travel,parent_project,parent_task
153135,26,31,2021-10-01,285,6482,04:00:00,MTR - Solutioning based on the workflow documentation,1,1,0,,2021-10-05 09:12:46,2,285,RPL_MOB - MTR | Development,RPL_MOB - MTR | Development,MTR development activities - Mobility,2021-08-29,2021-12-31,1,1,,0,"2,26,","6482,6577,6580,6612,6613,6614,6644,",0,1,0,6482,MOB_PMO,Project Management - Mobile App,0,0,0,0
153136,26,31,2021-10-01,271,6168,01:00:00,Reizend Leaders Weekly Catchup,1,1,0,,2021-10-05 09:12:46,2,271,Reizend Pvt Ltd (Mobility) : Track Management,Reizend Pvt Ltd (Mobility) : Track Management,Reizend Pvt Ltd (Mobility) : Track Management - Mobility,2021-04-01,2021-12-31,1,1,,0,"2,26,99,1,","5,8,24,27,34,40,90,6026,6168,",0,0,0,6168,MOBSCAMEET,Leaders catchup - SCA Mobility,0,0,0,0
153137,26,31,2021-10-01,284,6483,01:15:00,MTR - Workflow and requirement document related discussions with leads,1,1,0,,2021-10-05 09:12:46,2,284,RPL_MOB - MTR | Execution,RPL_MOB - MTR | Execution,MTR - Project Management Office and Execution,2021-08-29,2021-12-31,1,1,,0,"2,26,","6483,",0,1,0,6483,MTR_PMO,Project Management and Execution (MTR),1,0,0,0
153138,26,31,2021-10-01,284,6483,01:00:00,MTR - Discussions regarding the changes required in MSA with leads,1,1,0,,2021-10-05 09:12:46,2,284,RPL_MOB - MTR | Execution,RPL_MOB - MTR | Execution,MTR - Project Management Office and Execution,2021-08-29,2021-12-31,1,1,,0,"2,26,","6483,",0,1,0,6483,MTR_PMO,Project Management and Execution (MTR),1,0,0,0
153139,26,31,2021-10-01,20,39,00:20:00,Activity log sheet and timesheet management,1,1,0,,2021-10-05 09:12:46,2,20,GORG,Organizational Activities,Organizational Activities,2016-09-01,2021-12-31,3,1,,0,"120,154,40,32,148,2,153,131,71,26,89,139,136,55,66,61,123,130,122,22,6,146,107,134,113,132,87,84,97,108,119,126,117,45,42,142,149,67,114,58,116,141,50,138,9,1,102,125,63,144,78,143,96,36,109,133,129,91,124,88,72,49,5,110,37,118,47,147,7,54,121,100,128,86,73,145,104,135,69,","26,27,28,29,37,38,39,41,67,3769,5326,",0,0,0,39,TIMSHEET,Time spent to fill Time sheet,0,0,0,0
153144,154,32,2021-10-01,20,39,00:19:00,timesheet  logging,1,1,0,,2021-10-04 10:00:07,26,20,GORG,Organizational Activities,Organizational Activities,2016-09-01,2021-12-31,3,1,,0,"120,154,40,32,148,2,153,131,71,26,89,139,136,55,66,61,123,130,122,22,6,146,107,134,113,132,87,84,97,108,119,126,117,45,42,142,149,67,114,58,116,141,50,138,9,1,102,125,63,144,78,143,96,36,109,133,129,91,124,88,72,49,5,110,37,118,47,147,7,54,121,100,128,86,73,145,104,135,69,","26,27,28,29,37,38,39,41,67,3769,5326,",0,0,0,39,TIMSHEET,Time spent to fill Time sheet,0,0,0,0
153145,154,32,2021-10-01,285,6580,03:08:00,mtr item discount based on price change ,1,1,0,,2021-10-04 10:00:07,26,285,RPL_MOB - MTR | Development,RPL_MOB - MTR | Development,MTR development activities - Mobility,2021-08-29,2021-12-31,1,1,,0,"2,26,","6482,6577,6580,6612,6613,6614,6644,",0,1,0,6580,MOB_MTR_01,Discount Management,1,0,0,0
153146,154,32,2021-10-01,285,6580,01:05:00,mtr isvaluetype flag added for submit cart,1,1,0,,2021-10-04 10:00:07,26,285,RPL_MOB - MTR | Development,RPL_MOB - MTR | Development,MTR development activities - Mobility,2021-08-29,2021-12-31,1,1,,0,"2,26,","6482,6577,6580,6612,6613,6614,6644,",0,1,0,6580,MOB_MTR_01,Discount Management,1,0,0,0
153147,154,32,2021-10-01,285,6580,00:31:00,"mtr workspace setup , code check",1,1,0,,2021-10-04 10:00:07,26,285,RPL_MOB - MTR | Development,RPL_MOB - MTR | Development,MTR development activities - Mobility,2021-08-29,2021-12-31,1,1,,0,"2,26,","6482,6577,6580,6612,6613,6614,6644,",0,1,0,6580,MOB_MTR_01,Discount Management,1,0,0,0
153148,154,32,2021-10-01,268,1886,01:30:00,back sync issue check and fix shop visit request object added,1,1,0,,2021-10-04 10:00:07,26,268,RPL_MOB - OT Base Features Mobile - Dev,RPL_MOB - OT Base Features Mobile - Dev,RPL_MOB - OT Base Features Mobile - Development,2021-04-01,2021-12-31,1,1,,0,"2,26,99,","1886,6214,6215,6216,6217,6218,6219,6220,6221,6222,",0,0,0,1886,MOBFIX,Mobile Application bug Fixing / Testing in existing workflow or feature or module,1,0,0,0
153149,154,32,2021-10-01,268,1886,00:20:00,qbd discount descending order issue fixed,1,1,0,,2021-10-04 10:00:07,26,268,RPL_MOB - OT Base Features Mobile - Dev,RPL_MOB - OT Base Features Mobile - Dev,RPL_MOB - OT Base Features Mobile - Development,2021-04-01,2021-12-31,1,1,,0,"2,26,99,","1886,6214,6215,6216,6217,6218,6219,6220,6221,6222,",0,0,0,1886,MOBFIX,Mobile Application bug Fixing / Testing in existing workflow or feature or module,1,0,0,0
153180,154,32,2021-10-04,285,6580,02:00:00,discount as amount mtr,1,1,0,,2021-10-08 13:55:46,26,285,RPL_MOB - MTR | Development,RPL_MOB - MTR | Development,MTR development activities - Mobility,2021-08-29,2021-12-31,1,1,,0,"2,26,","6482,6577,6580,6612,6613,6614,6644,",0,1,0,6580,MOB_MTR_01,Discount Management,1,0,0,0
153181,154,32,2021-10-04,285,6580,01:18:00,slab discount mtr amount,1,1,0,,2021-10-08 13:55:46,26,285,RPL_MOB - MTR | Development,RPL_MOB - MTR | Development,MTR development activities - Mobility,2021-08-29,2021-12-31,1,1,,0,"2,26,","6482,6577,6580,6612,6613,6614,6644,",0,1,0,6580,MOB_MTR_01,Discount Management,1,0,0,0
153184,154,32,2021-10-04,285,6580,02:20:00,shop discount percent or amount mtr,1,1,0,,2021-10-08 13:55:46,26,285,RPL_MOB - MTR | Development,RPL_MOB - MTR | Development,MTR development activities - Mobility,2021-08-29,2021-12-31,1,1,,0,"2,26,","6482,6577,6580,6612,6613,6614,6644,",0,1,0,6580,MOB_MTR_01,Discount Management,1,0,0,0
153187,154,32,2021-10-04,285,6580,02:12:00,shop discount and header discount added in api params ,1,1,0,,2021-10-08 13:55:46,26,285,RPL_MOB - MTR | Development,RPL_MOB - MTR | Development,MTR development activities - Mobility,2021-08-29,2021-12-31,1,1,,0,"2,26,","6482,6577,6580,6612,6613,6614,6644,",0,1,0,6580,MOB_MTR_01,Discount Management,1,0,0,0
153282,154,32,2021-10-05,20,39,00:10:00,timesheet logging,1,1,0,,2021-10-08 14:43:54,26,20,GORG,Organizational Activities,Organizational Activities,2016-09-01,2021-12-31,3,1,,0,"120,154,40,32,148,2,153,131,71,26,89,139,136,55,66,61,123,130,122,22,6,146,107,134,113,132,87,84,97,108,119,126,117,45,42,142,149,67,114,58,116,141,50,138,9,1,102,125,63,144,78,143,96,36,109,133,129,91,124,88,72,49,5,110,37,118,47,147,7,54,121,100,128,86,73,145,104,135,69,","26,27,28,29,37,38,39,41,67,3769,5326,",0,0,0,39,TIMSHEET,Time spent to fill Time sheet,0,0,0,0
153286,154,32,2021-10-05,286,6514,00:36:00,7mart unit price code check,1,1,0,,2021-10-08 14:43:54,26,286,RPL_MOB - 7MART | Development,RPL_MOB - 7MART | Development,7MART Development Activities - Mobile,2021-08-29,2021-12-31,1,1,,0,"2,26,","6482,6512,6513,6514,6515,6640,",0,1,0,6514,MOB_7MART_03,Primary and Secondary UOMs,1,0,0,0
153291,154,32,2021-10-05,286,6514,02:14:00,unit price updation in cart adapter and uom changes,1,1,0,,2021-10-08 14:43:54,26,286,RPL_MOB - 7MART | Development,RPL_MOB - 7MART | Development,7MART Development Activities - Mobile,2021-08-29,2021-12-31,1,1,,0,"2,26,","6482,6512,6513,6514,6515,6640,",0,1,0,6514,MOB_7MART_03,Primary and Secondary UOMs,1,0,0,0
153297,154,32,2021-10-05,268,1886,00:33:00,print item discount change,1,1,0,,2021-10-08 14:43:54,26,268,RPL_MOB - OT Base Features Mobile - Dev,RPL_MOB - OT Base Features Mobile - Dev,RPL_MOB - OT Base Features Mobile - Development,2021-04-01,2021-12-31,1,1,,0,"2,26,99,","1886,6214,6215,6216,6217,6218,6219,6220,6221,6222,",0,0,0,1886,MOBFIX,Mobile Application bug Fixing / Testing in existing workflow or feature or module,1,0,0,0
153460,26,31,2021-10-04,164,1518,00:30:00,"Marsleeva - Customer app - allocations, features review and technical discussion",1,1,0,,2021-10-18 01:24:46,2,164,SHMIS - MOBAPP,SHMIS - Mobile Application,SHMIS - Mobile application related activities in SHMIS track,2019-10-01,2021-12-31,3,1,,0,"2,26,45,9,36,5,31,","8,29,1516,1517,1518,1519,1520,1521,3831,4024,",0,1,0,1518,MARSLEEVA_CUSTAPP,Marsleeva Customer Mobile Application,1,0,0,0
153461,26,31,2021-10-04,284,6483,00:30:00,MTR - Call with Anupam and Ajith regarding IoT device installations ,1,1,0,,2021-10-18 01:24:46,2,284,RPL_MOB - MTR | Execution,RPL_MOB - MTR | Execution,MTR - Project Management Office and Execution,2021-08-29,2021-12-31,1,1,,0,"2,26,","6483,",0,1,0,6483,MTR_PMO,Project Management and Execution (MTR),1,0,0,0
153462,26,31,2021-10-04,284,6483,04:00:00,MTR - Solutiong and document preparation based on the workflow,1,1,0,,2021-10-18 01:24:46,2,284,RPL_MOB - MTR | Execution,RPL_MOB - MTR | Execution,MTR - Project Management Office and Execution,2021-08-29,2021-12-31,1,1,,0,"2,26,","6483,",0,1,0,6483,MTR_PMO,Project Management and Execution (MTR),1,0,0,0
153463,26,31,2021-10-04,284,6483,03:30:00,MTR - Solutioning discussions with leads (web and mobile),1,1,0,,2021-10-18 01:24:46,2,284,RPL_MOB - MTR | Execution,RPL_MOB - MTR | Execution,MTR - Project Management Office and Execution,2021-08-29,2021-12-31,1,1,,0,"2,26,","6483,",0,1,0,6483,MTR_PMO,Project Management and Execution (MTR),1,0,0,0
153700,154,32,2021-10-05,285,6614,02:21:00,"mtr discussion , product and sku list ",1,1,0,,2021-10-08 14:43:54,26,285,RPL_MOB - MTR | Development,RPL_MOB - MTR | Development,MTR development activities - Mobility,2021-08-29,2021-12-31,1,1,,0,"2,26,","6482,6577,6580,6612,6613,6614,6644,",0,1,0,6614,MOB_MTR_04,Sales Management,1,0,0,0
153701,154,32,2021-10-05,285,6614,01:55:00,sku based categorisation and sku grouping mtr product sales,1,1,0,,2021-10-08 14:43:54,26,285,RPL_MOB - MTR | Development,RPL_MOB - MTR | Development,MTR development activities - Mobility,2021-08-29,2021-12-31,1,1,,0,"2,26,","6482,6577,6580,6612,6613,6614,6644,",0,1,0,6614,MOB_MTR_04,Sales Management,1,0,0,0
153702,154,32,2021-10-05,285,6614,00:17:00,skubased dialog with grouped list,1,1,0,,2021-10-08 14:43:54,26,285,RPL_MOB - MTR | Development,RPL_MOB - MTR | Development,MTR development activities - Mobility,2021-08-29,2021-12-31,1,1,,0,"2,26,","6482,6577,6580,6612,6613,6614,6644,",0,1,0,6614,MOB_MTR_04,Sales Management,1,0,0,0
153703,154,32,2021-10-06,20,39,00:10:00,timesheet logging,1,1,0,,2021-10-08 14:47:35,26,20,GORG,Organizational Activities,Organizational Activities,2016-09-01,2021-12-31,3,1,,0,"120,154,40,32,148,2,153,131,71,26,89,139,136,55,66,61,123,130,122,22,6,146,107,134,113,132,87,84,97,108,119,126,117,45,42,142,149,67,114,58,116,141,50,138,9,1,102,125,63,144,78,143,96,36,109,133,129,91,124,88,72,49,5,110,37,118,47,147,7,54,121,100,128,86,73,145,104,135,69,","26,27,28,29,37,38,39,41,67,3769,5326,",0,0,0,39,TIMSHEET,Time spent to fill Time sheet,0,0,0,0
153704,154,32,2021-10-06,285,6614,00:54:00,"expiry date and batch no added , sorting based on expiry date",1,1,0,,2021-10-08 14:47:35,26,285,RPL_MOB - MTR | Development,RPL_MOB - MTR | Development,MTR development activities - Mobility,2021-08-29,2021-12-31,1,1,,0,"2,26,","6482,6577,6580,6612,6613,6614,6644,",0,1,0,6614,MOB_MTR_04,Sales Management,1,0,0,0
153705,154,32,2021-10-06,285,6614,01:15:00,sorting based on expiry date,1,1,0,,2021-10-08 14:47:35,26,285,RPL_MOB - MTR | Development,RPL_MOB - MTR | Development,MTR development activities - Mobility,2021-08-29,2021-12-31,1,1,,0,"2,26,","6482,6577,6580,6612,6613,6614,6644,",0,1,0,6614,MOB_MTR_04,Sales Management,1,0,0,0
153706,154,32,2021-10-06,285,6614,02:24:00,date based sorting ,1,1,0,,2021-10-08 14:47:35,26,285,RPL_MOB - MTR | Development,RPL_MOB - MTR | Development,MTR development activities - Mobility,2021-08-29,2021-12-31,1,1,,0,"2,26,","6482,6577,6580,6612,6613,6614,6644,",0,1,0,6614,MOB_MTR_04,Sales Management,1,0,0,0
153707,154,32,2021-10-06,286,6514,01:05:00,7mart null issue print ,1,1,0,,2021-10-08 14:47:35,26,286,RPL_MOB - 7MART | Development,RPL_MOB - 7MART | Development,7MART Development Activities - Mobile,2021-08-29,2021-12-31,1,1,,0,"2,26,","6482,6512,6513,6514,6515,6640,",0,1,0,6514,MOB_7MART_03,Primary and Secondary UOMs,1,0,0,0
153708,154,32,2021-10-06,268,1886,03:32:00,gross quantity setting issue in adapter ,1,1,0,,2021-10-08 14:47:35,26,268,RPL_MOB - OT Base Features Mobile - Dev,RPL_MOB - OT Base Features Mobile - Dev,RPL_MOB - OT Base Features Mobile - Development,2021-04-01,2021-12-31,1,1,,0,"2,26,99,","1886,6214,6215,6216,6217,6218,6219,6220,6221,6222,",0,0,0,1886,MOBFIX,Mobile Application bug Fixing / Testing in existing workflow or feature or module,1,0,0,0
153709,154,32,2021-10-07,268,1886,01:49:00,combo off issue,1,1,0,,2021-10-09 08:20:14,26,268,RPL_MOB - OT Base Features Mobile - Dev,RPL_MOB - OT Base Features Mobile - Dev,RPL_MOB - OT Base Features Mobile - Development,2021-04-01,2021-12-31,1,1,,0,"2,26,99,","1886,6214,6215,6216,6217,6218,6219,6220,6221,6222,",0,0,0,1886,MOBFIX,Mobile Application bug Fixing / Testing in existing workflow or feature or module,1,0,0,0
153710,154,32,2021-10-07,268,1886,02:11:00,"order history status change bug fix , item scheme discount in print not showing",1,1,0,,2021-10-09 08:20:14,26,268,RPL_MOB - OT Base Features Mobile - Dev,RPL_MOB - OT Base Features Mobile - Dev,RPL_MOB - OT Base Features Mobile - Development,2021-04-01,2021-12-31,1,1,,0,"2,26,99,","1886,6214,6215,6216,6217,6218,6219,6220,6221,6222,",0,0,0,1886,MOBFIX,Mobile Application bug Fixing / Testing in existing workflow or feature or module,1,0,0,0
153711,154,32,2021-10-07,286,6512,02:35:00,item discount in order print check and gross amount issue fix,1,1,0,,2021-10-09 08:20:14,26,286,RPL_MOB - 7MART | Development,RPL_MOB - 7MART | Development,7MART Development Activities - Mobile,2021-08-29,2021-12-31,1,1,,0,"2,26,","6482,6512,6513,6514,6515,6640,",0,1,0,6512,MOB_7MART_01,Item-wise Slab Discount & Item-wise Scheme Discount,1,0,0,0
153712,154,32,2021-10-07,268,1886,04:32:00,bug fix check ,1,1,0,,2021-10-09 08:20:14,26,268,RPL_MOB - OT Base Features Mobile - Dev,RPL_MOB - OT Base Features Mobile - Dev,RPL_MOB - OT Base Features Mobile - Development,2021-04-01,2021-12-31,1,1,,0,"2,26,99,","1886,6214,6215,6216,6217,6218,6219,6220,6221,6222,",0,0,0,1886,MOBFIX,Mobile Application bug Fixing / Testing in existing workflow or feature or module,1,0,0,0
153713,26,31,2021-10-08,271,6026,04:30:00,"SCA Track Management - Discussion on process setting, responcibility mapping, 7Mart and MTR approches - with Abin sir and leads",1,1,0,,2021-10-18 01:27:34,2,271,Reizend Pvt Ltd (Mobility) : Track Management,Reizend Pvt Ltd (Mobility) : Track Management,Reizend Pvt Ltd (Mobility) : Track Management - Mobility,2021-04-01,2021-12-31,1,1,,0,"2,26,99,1,","5,8,24,27,34,40,90,6026,6168,",0,0,0,6026,Discussion,Discussion,0,0,0,0
153714,26,31,2021-10-08,271,6026,04:00:00,"SCA Track Management - Discussion on process setting, responcibility mapping, 7Mart and MTR approches - with Abin sir and leads",1,1,0,,2021-10-18 01:27:34,2,271,Reizend Pvt Ltd (Mobility) : Track Management,Reizend Pvt Ltd (Mobility) : Track Management,Reizend Pvt Ltd (Mobility) : Track Management - Mobility,2021-04-01,2021-12-31,1,1,,0,"2,26,99,1,","5,8,24,27,34,40,90,6026,6168,",0,0,0,6026,Discussion,Discussion,0,0,0,0
153715,26,31,2021-10-08,286,6482,02:00:00,"7MART - Golive support, technical discussions and allocations",1,1,0,,2021-10-18 01:27:34,2,286,RPL_MOB - 7MART | Development,RPL_MOB - 7MART | Development,7MART Development Activities - Mobile,2021-08-29,2021-12-31,1,1,,0,"2,26,","6482,6512,6513,6514,6515,6640,",0,1,0,6482,MOB_PMO,Project Management - Mobile App,0,0,0,0
153776,154,32,2021-10-08,286,6515,00:55:00,sales return unit_quantity passing issue check,1,1,0,,2021-10-11 05:58:27,26,286,RPL_MOB - 7MART | Development,RPL_MOB - 7MART | Development,7MART Development Activities - Mobile,2021-08-29,2021-12-31,1,1,,0,"2,26,","6482,6512,6513,6514,6515,6640,",0,1,0,6515,MOB_7MART_04,Sales Return,1,0,0,0
153777,154,32,2021-10-08,286,6515,02:45:00,"sales return exclusion strategy added for non expose items , return against cancellation db insersion issue fix null entity",1,1,0,,2021-10-11 05:58:27,26,286,RPL_MOB - 7MART | Development,RPL_MOB - 7MART | Development,7MART Development Activities - Mobile,2021-08-29,2021-12-31,1,1,,0,"2,26,","6482,6512,6513,6514,6515,6640,",0,1,0,6515,MOB_7MART_04,Sales Return,1,0,0,0
153778,154,32,2021-10-08,285,6614,00:10:00,"mtr expiry date  sort , shop discount by amount ",1,1,0,,2021-10-11 05:58:27,26,285,RPL_MOB - MTR | Development,RPL_MOB - MTR | Development,MTR development activities - Mobility,2021-08-29,2021-12-31,1,1,,0,"2,26,","6482,6577,6580,6612,6613,6614,6644,",0,1,0,6614,MOB_MTR_04,Sales Management,1,0,0,0
153779,154,32,2021-10-08,285,6580,02:26:00,shop discount by amount ,1,1,0,,2021-10-11 05:58:27,26,285,RPL_MOB - MTR | Development,RPL_MOB - MTR | Development,MTR development activities - Mobility,2021-08-29,2021-12-31,1,1,,0,"2,26,","6482,6577,6580,6612,6613,6614,6644,",0,1,0,6580,MOB_MTR_01,Discount Management,1,0,0,0
153780,154,32,2021-10-08,285,6614,02:03:00,expiry date and batch no added in product dialog,1,1,0,,2021-10-11 05:58:27,26,285,RPL_MOB - MTR | Development,RPL_MOB - MTR | Development,MTR development activities - Mobility,2021-08-29,2021-12-31,1,1,,0,"2,26,","6482,6577,6580,6612,6613,6614,6644,",0,1,0,6614,MOB_MTR_04,Sales Management,1,0,0,0
153868,26,31,2021-10-07,284,6483,01:30:00,MTR - 2nd steering committee meeting - ppt preparation and discussions,1,1,0,,2021-10-18 01:28:00,2,284,RPL_MOB - MTR | Execution,RPL_MOB - MTR | Execution,MTR - Project Management Office and Execution,2021-08-29,2021-12-31,1,1,,0,"2,26,","6483,",0,1,0,6483,MTR_PMO,Project Management and Execution (MTR),1,0,0,0
153869,26,31,2021-10-07,284,6483,00:30:00,MTR - 2nd steering committee meeting,1,1,0,,2021-10-18 01:28:00,2,284,RPL_MOB - MTR | Execution,RPL_MOB - MTR | Execution,MTR - Project Management Office and Execution,2021-08-29,2021-12-31,1,1,,0,"2,26,","6483,",0,1,0,6483,MTR_PMO,Project Management and Execution (MTR),1,0,0,0
153870,26,31,2021-10-07,271,6026,03:45:00,SCA - Track management - Discussions with Abin sir and leads,1,1,0,,2021-10-18 01:28:00,2,271,Reizend Pvt Ltd (Mobility) : Track Management,Reizend Pvt Ltd (Mobility) : Track Management,Reizend Pvt Ltd (Mobility) : Track Management - Mobility,2021-04-01,2021-12-31,1,1,,0,"2,26,99,1,","5,8,24,27,34,40,90,6026,6168,",0,0,0,6026,Discussion,Discussion,0,0,0,0
153871,26,31,2021-10-07,286,6482,00:30:00,7MART - Technical discussions and allocations,1,1,0,,2021-10-18 01:28:00,2,286,RPL_MOB - 7MART | Development,RPL_MOB - 7MART | Development,7MART Development Activities - Mobile,2021-08-29,2021-12-31,1,1,,0,"2,26,","6482,6512,6513,6514,6515,6640,",0,1,0,6482,MOB_PMO,Project Management - Mobile App,0,0,0,0
153872,26,31,2021-10-07,284,6483,00:30:00,MTR - Solutioning documentation.,1,1,0,,2021-10-18 01:28:00,2,284,RPL_MOB - MTR | Execution,RPL_MOB - MTR | Execution,MTR - Project Management Office and Execution,2021-08-29,2021-12-31,1,1,,0,"2,26,","6483,",0,1,0,6483,MTR_PMO,Project Management and Execution (MTR),1,0,0,0
153873,26,31,2021-10-05,275,6225,01:30:00,"OT PMO - code review, bug fixing and code merging",1,1,0,,2021-10-18 01:25:07,2,275,RPL_MOB  - OT PMO Common - Mobile,RPL_MOB  - OT PMO Common - Mobile,"RPL_MOB  - OT PMO Common - Mobile
",2021-05-01,2021-12-31,1,1,,0,"2,26,99,","6223,6224,6225,",0,0,0,6225,MOB_OTPMO_03,Mob - Git Management & Code Review,0,0,0,0
153874,26,31,2021-10-05,286,6482,02:30:00,"7MART - Technical discussions, allocations and features review",1,1,0,,2021-10-18 01:25:07,2,286,RPL_MOB - 7MART | Development,RPL_MOB - 7MART | Development,7MART Development Activities - Mobile,2021-08-29,2021-12-31,1,1,,0,"2,26,","6482,6512,6513,6514,6515,6640,",0,1,0,6482,MOB_PMO,Project Management - Mobile App,0,0,0,0
153875,26,31,2021-10-05,284,6483,02:30:00,"MTR - Workflow discussions, solution documentation and discussion",1,1,0,,2021-10-18 01:25:07,2,284,RPL_MOB - MTR | Execution,RPL_MOB - MTR | Execution,MTR - Project Management Office and Execution,2021-08-29,2021-12-31,1,1,,0,"2,26,","6483,",0,1,0,6483,MTR_PMO,Project Management and Execution (MTR),1,0,0,0
153876,26,31,2021-10-05,20,39,00:15:00,Activity log sheet and timesheet management,1,1,0,,2021-10-18 01:25:07,2,20,GORG,Organizational Activities,Organizational Activities,2016-09-01,2021-12-31,3,1,,0,"120,154,40,32,148,2,153,131,71,26,89,139,136,55,66,61,123,130,122,22,6,146,107,134,113,132,87,84,97,108,119,126,117,45,42,142,149,67,114,58,116,141,50,138,9,1,102,125,63,144,78,143,96,36,109,133,129,91,124,88,72,49,5,110,37,118,47,147,7,54,121,100,128,86,73,145,104,135,69,","26,27,28,29,37,38,39,41,67,3769,5326,",0,0,0,39,TIMSHEET,Time spent to fill Time sheet,0,0,0,0
153877,26,31,2021-10-06,286,6482,01:00:00,"7MART - Technical discussions, git management, release APK for testing",1,1,0,,2021-10-18 01:26:39,2,286,RPL_MOB - 7MART | Development,RPL_MOB - 7MART | Development,7MART Development Activities - Mobile,2021-08-29,2021-12-31,1,1,,0,"2,26,","6482,6512,6513,6514,6515,6640,",0,1,0,6482,MOB_PMO,Project Management - Mobile App,0,0,0,0
153878,26,31,2021-10-06,284,6483,01:15:00,"MTR - IoT devices - clarifications ponts mail preparation, discussion with Vendor",1,1,0,,2021-10-18 01:26:39,2,284,RPL_MOB - MTR | Execution,RPL_MOB - MTR | Execution,MTR - Project Management Office and Execution,2021-08-29,2021-12-31,1,1,,0,"2,26,","6483,",0,1,0,6483,MTR_PMO,Project Management and Execution (MTR),1,0,0,0
153879,26,31,2021-10-06,284,6483,01:15:00,"MTR - Workflow discussions and review, solutioning",1,1,0,,2021-10-18 01:26:39,2,284,RPL_MOB - MTR | Execution,RPL_MOB - MTR | Execution,MTR - Project Management Office and Execution,2021-08-29,2021-12-31,1,1,,0,"2,26,","6483,",0,1,0,6483,MTR_PMO,Project Management and Execution (MTR),1,0,0,0
153880,26,31,2021-10-06,284,6483,02:30:00,"MTR - Second steering committee PPT preparations and discussions, review with Srinath",1,1,0,,2021-10-18 01:26:39,2,284,RPL_MOB - MTR | Execution,RPL_MOB - MTR | Execution,MTR - Project Management Office and Execution,2021-08-29,2021-12-31,1,1,,0,"2,26,","6483,",0,1,0,6483,MTR_PMO,Project Management and Execution (MTR),1,0,0,0
153881,26,31,2021-10-06,284,6483,02:30:00,MTR - Second steering committee PPT preparations and discussions ,1,1,0,,2021-10-18 01:26:39,2,284,RPL_MOB - MTR | Execution,RPL_MOB - MTR | Execution,MTR - Project Management Office and Execution,2021-08-29,2021-12-31,1,1,,0,"2,26,","6483,",0,1,0,6483,MTR_PMO,Project Management and Execution (MTR),1,0,0,0
153882,26,31,2021-10-11,284,6483,05:30:00,"MTR - Requirement discussion and solutioning with leads, documentation",1,1,0,,2021-10-18 01:27:23,2,284,RPL_MOB - MTR | Execution,RPL_MOB - MTR | Execution,MTR - Project Management Office and Execution,2021-08-29,2021-12-31,1,1,,0,"2,26,","6483,",0,1,0,6483,MTR_PMO,Project Management and Execution (MTR),1,0,0,0
153883,26,31,2021-10-11,286,6482,00:30:00,"7MART - Technical discussions, allocations",1,1,0,,2021-10-18 01:27:23,2,286,RPL_MOB - 7MART | Development,RPL_MOB - 7MART | Development,7MART Development Activities - Mobile,2021-08-29,2021-12-31,1,1,,0,"2,26,","6482,6512,6513,6514,6515,6640,",0,1,0,6482,MOB_PMO,Project Management - Mobile App,0,0,0,0
153884,26,31,2021-10-11,271,6026,01:00:00,SCA team connect with leads and Abin sir,1,1,0,,2021-10-18 01:27:23,2,271,Reizend Pvt Ltd (Mobility) : Track Management,Reizend Pvt Ltd (Mobility) : Track Management,Reizend Pvt Ltd (Mobility) : Track Management - Mobility,2021-04-01,2021-12-31,1,1,,0,"2,26,99,1,","5,8,24,27,34,40,90,6026,6168,",0,0,0,6026,Discussion,Discussion,0,0,0,0
153885,26,31,2021-10-11,222,1517,00:45:00,SHMIS IOS - Technical discussions with developer,1,1,0,,2021-10-18 01:27:23,2,222,SHMIS - IOS APP,SHMIS - IOS APP,SHMIS - IOS APP,2020-09-01,2021-12-31,3,1,,,"2,26,55,1,91,","8,1516,1517,3415,",0,1,0,1517,IQ_UTLTYAPP,Iqraa Utility Mobile Application,1,0,0,0
153886,26,31,2021-10-11,20,39,00:15:00,Activity log sheet and timesheet management,1,1,0,,2021-10-18 01:27:23,2,20,GORG,Organizational Activities,Organizational Activities,2016-09-01,2021-12-31,3,1,,0,"120,154,40,32,148,2,153,131,71,26,89,139,136,55,66,61,123,130,122,22,6,146,107,134,113,132,87,84,97,108,119,126,117,45,42,142,149,67,114,58,116,141,50,138,9,1,102,125,63,144,78,143,96,36,109,133,129,91,124,88,72,49,5,110,37,118,47,147,7,54,121,100,128,86,73,145,104,135,69,","26,27,28,29,37,38,39,41,67,3769,5326,",0,0,0,39,TIMSHEET,Time spent to fill Time sheet,0,0,0,0
153887,154,32,2021-10-11,20,39,00:18:00,timesheet logging,1,1,0,,2021-10-12 04:25:52,26,20,GORG,Organizational Activities,Organizational Activities,2016-09-01,2021-12-31,3,1,,0,"120,154,40,32,148,2,153,131,71,26,89,139,136,55,66,61,123,130,122,22,6,146,107,134,113,132,87,84,97,108,119,126,117,45,42,142,149,67,114,58,116,141,50,138,9,1,102,125,63,144,78,143,96,36,109,133,129,91,124,88,72,49,5,110,37,118,47,147,7,54,121,100,128,86,73,145,104,135,69,","26,27,28,29,37,38,39,41,67,3769,5326,",0,0,0,39,TIMSHEET,Time spent to fill Time sheet,0,0,0,0
153888,154,32,2021-10-11,286,6514,03:27:00,combo off code check,1,1,0,,2021-10-12 04:25:52,26,286,RPL_MOB - 7MART | Development,RPL_MOB - 7MART | Development,7MART Development Activities - Mobile,2021-08-29,2021-12-31,1,1,,0,"2,26,","6482,6512,6513,6514,6515,6640,",0,1,0,6514,MOB_7MART_03,Primary and Secondary UOMs,1,0,0,0
153889,154,32,2021-10-11,286,6514,02:41:00,"combo off fix gross quantity added , params added  for sync issue ",1,1,0,,2021-10-12 04:25:52,26,286,RPL_MOB - 7MART | Development,RPL_MOB - 7MART | Development,7MART Development Activities - Mobile,2021-08-29,2021-12-31,1,1,,0,"2,26,","6482,6512,6513,6514,6515,6640,",0,1,0,6514,MOB_7MART_03,Primary and Secondary UOMs,1,0,0,0
153890,154,32,2021-10-11,20,29,02:05:00,meeting,1,1,0,,2021-10-12 04:25:52,26,20,GORG,Organizational Activities,Organizational Activities,2016-09-01,2021-12-31,3,1,,0,"120,154,40,32,148,2,153,131,71,26,89,139,136,55,66,61,123,130,122,22,6,146,107,134,113,132,87,84,97,108,119,126,117,45,42,142,149,67,114,58,116,141,50,138,9,1,102,125,63,144,78,143,96,36,109,133,129,91,124,88,72,49,5,110,37,118,47,147,7,54,121,100,128,86,73,145,104,135,69,","26,27,28,29,37,38,39,41,67,3769,5326,",0,0,0,29,TEAMEET,Team Meeting,0,0,0,0
153891,154,32,2021-10-11,286,6514,01:33:00,combo preview quantity ,1,1,0,,2021-10-12 04:25:52,26,286,RPL_MOB - 7MART | Development,RPL_MOB - 7MART | Development,7MART Development Activities - Mobile,2021-08-29,2021-12-31,1,1,,0,"2,26,","6482,6512,6513,6514,6515,6640,",0,1,0,6514,MOB_7MART_03,Primary and Secondary UOMs,1,0,0,0
154013,154,32,2021-10-12,20,39,00:13:00,timesheet logging,1,1,0,,2021-10-18 04:53:12,26,20,GORG,Organizational Activities,Organizational Activities,2016-09-01,2021-12-31,3,1,,0,"120,154,40,32,148,2,153,131,71,26,89,139,136,55,66,61,123,130,122,22,6,146,107,134,113,132,87,84,97,108,119,126,117,45,42,142,149,67,114,58,116,141,50,138,9,1,102,125,63,144,78,143,96,36,109,133,129,91,124,88,72,49,5,110,37,118,47,147,7,54,121,100,128,86,73,145,104,135,69,","26,27,28,29,37,38,39,41,67,3769,5326,",0,0,0,39,TIMSHEET,Time spent to fill Time sheet,0,0,0,0
154017,26,31,2021-10-12,284,6483,07:00:00,"MTR - Requirement discussion and solutioning with leads, documentation",1,1,0,,2021-10-18 01:24:11,2,284,RPL_MOB - MTR | Execution,RPL_MOB - MTR | Execution,MTR - Project Management Office and Execution,2021-08-29,2021-12-31,1,1,,0,"2,26,","6483,",0,1,0,6483,MTR_PMO,Project Management and Execution (MTR),1,0,0,0
154018,26,31,2021-10-12,275,6223,01:00:00,"OT - Technical discussions and allocations - group bill, stats",1,1,0,,2021-10-18 01:24:11,2,275,RPL_MOB  - OT PMO Common - Mobile,RPL_MOB  - OT PMO Common - Mobile,"RPL_MOB  - OT PMO Common - Mobile
",2021-05-01,2021-12-31,1,1,,0,"2,26,99,","6223,6224,6225,",0,0,0,6223,MOB_OTPMO_01,Mob - Planning & Allocation,0,0,0,0
154019,26,31,2021-10-12,20,3769,00:45:00,GORG - Support - server system for SHMIS,1,1,0,,2021-10-18 01:24:11,2,20,GORG,Organizational Activities,Organizational Activities,2016-09-01,2021-12-31,3,1,,0,"120,154,40,32,148,2,153,131,71,26,89,139,136,55,66,61,123,130,122,22,6,146,107,134,113,132,87,84,97,108,119,126,117,45,42,142,149,67,114,58,116,141,50,138,9,1,102,125,63,144,78,143,96,36,109,133,129,91,124,88,72,49,5,110,37,118,47,147,7,54,121,100,128,86,73,145,104,135,69,","26,27,28,29,37,38,39,41,67,3769,5326,",0,0,0,3769,Operations,Operations,0,0,0,0
154020,26,31,2021-10-12,275,6224,01:15:00,OT PMO -  Technical discussions and allocations,1,1,0,,2021-10-18 01:24:11,2,275,RPL_MOB  - OT PMO Common - Mobile,RPL_MOB  - OT PMO Common - Mobile,"RPL_MOB  - OT PMO Common - Mobile
",2021-05-01,2021-12-31,1,1,,0,"2,26,99,","6223,6224,6225,",0,0,0,6224,MOB_OTPMO_02,Mob - Technical clarifications & Assistance to Team,0,0,0,0
154021,26,31,2021-10-13,284,6483,00:30:00,MTR MEETING - FTP related discussions ,1,1,0,,2021-10-18 01:23:52,2,284,RPL_MOB - MTR | Execution,RPL_MOB - MTR | Execution,MTR - Project Management Office and Execution,2021-08-29,2021-12-31,1,1,,0,"2,26,","6483,",0,1,0,6483,MTR_PMO,Project Management and Execution (MTR),1,0,0,0
154022,26,31,2021-10-13,284,6483,03:30:00,"MTR - Task list preparation, estimation and discussions",1,1,0,,2021-10-18 01:23:52,2,284,RPL_MOB - MTR | Execution,RPL_MOB - MTR | Execution,MTR - Project Management Office and Execution,2021-08-29,2021-12-31,1,1,,0,"2,26,","6483,",0,1,0,6483,MTR_PMO,Project Management and Execution (MTR),1,0,0,0
154023,26,31,2021-10-13,284,6483,01:45:00,MTR - Workflow discussion with development and testing team,1,1,0,,2021-10-18 01:23:52,2,284,RPL_MOB - MTR | Execution,RPL_MOB - MTR | Execution,MTR - Project Management Office and Execution,2021-08-29,2021-12-31,1,1,,0,"2,26,","6483,",0,1,0,6483,MTR_PMO,Project Management and Execution (MTR),1,0,0,0
154024,26,31,2021-10-13,275,6224,01:00:00,OT PMO -  Technical discussions and allocations - split bill,1,1,0,,2021-10-18 01:23:52,2,275,RPL_MOB  - OT PMO Common - Mobile,RPL_MOB  - OT PMO Common - Mobile,"RPL_MOB  - OT PMO Common - Mobile
",2021-05-01,2021-12-31,1,1,,0,"2,26,99,","6223,6224,6225,",0,0,0,6224,MOB_OTPMO_02,Mob - Technical clarifications & Assistance to Team,0,0,0,0
154025,26,31,2021-10-13,285,6482,00:30:00,MTR - Technical discussions and allocations - DC to DC transfer,1,1,0,,2021-10-18 01:23:52,2,285,RPL_MOB - MTR | Development,RPL_MOB - MTR | Development,MTR development activities - Mobility,2021-08-29,2021-12-31,1,1,,0,"2,26,","6482,6577,6580,6612,6613,6614,6644,",0,1,0,6482,MOB_PMO,Project Management - Mobile App,0,0,0,0
154026,26,31,2021-10-13,284,6483,01:45:00,MTR - Estimation consolidation and summary preparation,1,1,0,,2021-10-18 01:23:52,2,284,RPL_MOB - MTR | Execution,RPL_MOB - MTR | Execution,MTR - Project Management Office and Execution,2021-08-29,2021-12-31,1,1,,0,"2,26,","6483,",0,1,0,6483,MTR_PMO,Project Management and Execution (MTR),1,0,0,0
154027,26,31,2021-10-13,20,39,00:15:00,Activity log sheet and timesheet management,1,1,0,,2021-10-18 01:23:52,2,20,GORG,Organizational Activities,Organizational Activities,2016-09-01,2021-12-31,3,1,,0,"120,154,40,32,148,2,153,131,71,26,89,139,136,55,66,61,123,130,122,22,6,146,107,134,113,132,87,84,97,108,119,126,117,45,42,142,149,67,114,58,116,141,50,138,9,1,102,125,63,144,78,143,96,36,109,133,129,91,124,88,72,49,5,110,37,118,47,147,7,54,121,100,128,86,73,145,104,135,69,","26,27,28,29,37,38,39,41,67,3769,5326,",0,0,0,39,TIMSHEET,Time spent to fill Time sheet,0,0,0,0
154028,154,32,2021-10-12,282,6387,10:00:00,split bill code check and optimisation,1,1,0,,2021-10-18 04:53:12,26,282,RPL_MOB - OT Value Added Features Mobile - Dev,RPL_MOB - OT Value Added Features Mobile - Dev,"RPL_MOB - OT Value Added Features Mobile - Development
",2021-06-01,2022-12-31,1,1,,0,,"6387,6480,6481,",0,0,0,6387,MOB_OTVAD_02,Mob - Architecture optimization & Enhancements,0,0,0,0
154029,154,32,2021-10-13,282,6387,08:16:00,split bill code check and optimisation,1,1,0,,2021-10-18 04:53:37,26,282,RPL_MOB - OT Value Added Features Mobile - Dev,RPL_MOB - OT Value Added Features Mobile - Dev,"RPL_MOB - OT Value Added Features Mobile - Development
",2021-06-01,2022-12-31,1,1,,0,,"6387,6480,6481,",0,0,0,6387,MOB_OTVAD_02,Mob - Architecture optimization & Enhancements,0,0,0,0
154343,26,31,2021-10-16,219,6639,02:30:00,Eastern - Discussions on new requirement - Eastern anniversary discount,1,0,0,,0000-00-00 00:00:00,0,219,Reizend Pvt Ltd (Mobility) : EASTERN SCA,Reizend Pvt Ltd (Mobility) : EASTERN SCA,Reizend Pvt Ltd (Mobility) : EASTERN SCA,2020-09-01,2022-12-31,2,1,,0,"2,26,","8,5175,5356,5432,5811,5839,5890,6085,6280,6639,",0,1,0,6639,MOB_EasternSCA_Disco,Eastern Anniversary Discount (Mobility),1,0,0,0
154344,26,31,2021-10-18,271,8,04:00:00,"SCA Track Management - Availabilty vs allocation planning and discussions - Mobile, web and testing",1,0,0,,0000-00-00 00:00:00,0,271,Reizend Pvt Ltd (Mobility) : Track Management,Reizend Pvt Ltd (Mobility) : Track Management,Reizend Pvt Ltd (Mobility) : Track Management - Mobility,2021-04-01,2021-12-31,1,1,,0,"2,26,99,1,","5,8,24,27,34,40,90,6026,6168,",0,0,0,8,PMO,Project Management,0,0,0,0
154345,26,31,2021-10-18,285,6482,02:00:00,"MTR - Solutioning , technical discussions and allocations - Supply Van ",1,0,0,,0000-00-00 00:00:00,0,285,RPL_MOB - MTR | Development,RPL_MOB - MTR | Development,MTR development activities - Mobility,2021-08-29,2021-12-31,1,1,,0,"2,26,","6482,6577,6580,6612,6613,6614,6644,",0,1,0,6482,MOB_PMO,Project Management - Mobile App,0,0,0,0
154346,26,31,2021-10-18,275,6224,01:00:00,"OT - Technical discussions, allocations and review - Manual Grouping",1,0,0,,0000-00-00 00:00:00,0,275,RPL_MOB  - OT PMO Common - Mobile,RPL_MOB  - OT PMO Common - Mobile,"RPL_MOB  - OT PMO Common - Mobile
",2021-05-01,2021-12-31,1,1,,0,"2,26,99,","6223,6224,6225,",0,0,0,6224,MOB_OTPMO_02,Mob - Technical clarifications & Assistance to Team,0,0,0,0
154347,26,31,2021-10-18,219,6639,01:00:00,Eastern Anniversary Discount - Technical discussion with leads,1,0,0,,0000-00-00 00:00:00,0,219,Reizend Pvt Ltd (Mobility) : EASTERN SCA,Reizend Pvt Ltd (Mobility) : EASTERN SCA,Reizend Pvt Ltd (Mobility) : EASTERN SCA,2020-09-01,2022-12-31,2,1,,0,"2,26,","8,5175,5356,5432,5811,5839,5890,6085,6280,6639,",0,1,0,6639,MOB_EasternSCA_Disco,Eastern Anniversary Discount (Mobility),1,0,0,0
154348,26,31,2021-10-19,286,6640,04:30:00,"7MART - Development - Additional cess for products, Documentation, Released for testing",1,0,0,,0000-00-00 00:00:00,0,286,RPL_MOB - 7MART | Development,RPL_MOB - 7MART | Development,7MART Development Activities - Mobile,2021-08-29,2021-12-31,1,1,,0,"2,26,","6482,6512,6513,6514,6515,6640,",0,1,0,6640,MOB_7MART_05,CESS for Products,1,0,0,0
154349,26,31,2021-10-19,222,1517,01:00:00,"SMIS IOS - Enrollement related discussions, Iqraa Utility IOS app - released to live",1,0,0,,0000-00-00 00:00:00,0,222,SHMIS - IOS APP,SHMIS - IOS APP,SHMIS - IOS APP,2020-09-01,2021-12-31,3,1,,,"2,26,55,1,91,","8,1516,1517,3415,",0,1,0,1517,IQ_UTLTYAPP,Iqraa Utility Mobile Application,1,0,0,0
154350,26,31,2021-10-19,285,6482,01:00:00,MTR - Technical discussions and allocations - Supply vans,1,0,0,,0000-00-00 00:00:00,0,285,RPL_MOB - MTR | Development,RPL_MOB - MTR | Development,MTR development activities - Mobility,2021-08-29,2021-12-31,1,1,,0,"2,26,","6482,6577,6580,6612,6613,6614,6644,",0,1,0,6482,MOB_PMO,Project Management - Mobile App,0,0,0,0
154351,26,31,2021-10-19,219,6639,03:30:00,"Eastern -Anniversary Discount -  Solutioning , discussion with leads , development",1,0,0,,0000-00-00 00:00:00,0,219,Reizend Pvt Ltd (Mobility) : EASTERN SCA,Reizend Pvt Ltd (Mobility) : EASTERN SCA,Reizend Pvt Ltd (Mobility) : EASTERN SCA,2020-09-01,2022-12-31,2,1,,0,"2,26,","8,5175,5356,5432,5811,5839,5890,6085,6280,6639,",0,1,0,6639,MOB_EasternSCA_Disco,Eastern Anniversary Discount (Mobility),1,0,0,0
154352,26,31,2021-10-19,20,39,00:15:00,Activity log sheet and timesheet management,1,0,0,,0000-00-00 00:00:00,0,20,GORG,Organizational Activities,Organizational Activities,2016-09-01,2021-12-31,3,1,,0,"120,154,40,32,148,2,153,131,71,26,89,139,136,55,66,61,123,130,122,22,6,146,107,134,113,132,87,84,97,108,119,126,117,45,42,142,149,67,114,58,116,141,50,138,9,1,102,125,63,144,78,143,96,36,109,133,129,91,124,88,72,49,5,110,37,118,47,147,7,54,121,100,128,86,73,145,104,135,69,","26,27,28,29,37,38,39,41,67,3769,5326,",0,0,0,39,TIMSHEET,Time spent to fill Time sheet,0,0,0,0
154553,154,32,2021-10-18,282,6387,04:04:00,manual group bill ,1,1,0,,2021-10-21 06:44:50,26,282,RPL_MOB - OT Value Added Features Mobile - Dev,RPL_MOB - OT Value Added Features Mobile - Dev,"RPL_MOB - OT Value Added Features Mobile - Development
",2021-06-01,2022-12-31,1,1,,0,,"6387,6480,6481,",0,0,0,6387,MOB_OTVAD_02,Mob - Architecture optimization & Enhancements,0,0,0,0
154554,154,32,2021-10-18,282,6387,02:18:00,"manual group bill new activity , changes",1,1,0,,2021-10-21 06:44:50,26,282,RPL_MOB - OT Value Added Features Mobile - Dev,RPL_MOB - OT Value Added Features Mobile - Dev,"RPL_MOB - OT Value Added Features Mobile - Development
",2021-06-01,2022-12-31,1,1,,0,,"6387,6480,6481,",0,0,0,6387,MOB_OTVAD_02,Mob - Architecture optimization & Enhancements,0,0,0,0
154555,154,32,2021-10-18,282,6387,03:15:00,manual group bill used salesOrderEntity ,1,1,0,,2021-10-21 06:44:50,26,282,RPL_MOB - OT Value Added Features Mobile - Dev,RPL_MOB - OT Value Added Features Mobile - Dev,"RPL_MOB - OT Value Added Features Mobile - Development
",2021-06-01,2022-12-31,1,1,,0,,"6387,6480,6481,",0,0,0,6387,MOB_OTVAD_02,Mob - Architecture optimization & Enhancements,0,0,0,0
154556,154,32,2021-10-19,282,6387,03:11:00,manual group bill calculations,1,1,0,,2021-10-21 06:50:25,26,282,RPL_MOB - OT Value Added Features Mobile - Dev,RPL_MOB - OT Value Added Features Mobile - Dev,"RPL_MOB - OT Value Added Features Mobile - Development
",2021-06-01,2022-12-31,1,1,,0,,"6387,6480,6481,",0,0,0,6387,MOB_OTVAD_02,Mob - Architecture optimization & Enhancements,0,0,0,0
154557,154,32,2021-10-19,285,6644,00:56:00,Discussion meeting mtr solution doc,1,1,0,,2021-10-21 06:50:25,26,285,RPL_MOB - MTR | Development,RPL_MOB - MTR | Development,MTR development activities - Mobility,2021-08-29,2021-12-31,1,1,,0,"2,26,","6482,6577,6580,6612,6613,6614,6644,",0,1,0,6644,MOB_DISC,"Project related Discussions, Team Meeting and Knowledge Transfer",1,0,0,0
154558,154,32,2021-10-19,282,6387,02:15:00,"calculation group bill , orders recyclerview issue",1,1,0,,2021-10-21 06:50:25,26,282,RPL_MOB - OT Value Added Features Mobile - Dev,RPL_MOB - OT Value Added Features Mobile - Dev,"RPL_MOB - OT Value Added Features Mobile - Development
",2021-06-01,2022-12-31,1,1,,0,,"6387,6480,6481,",0,0,0,6387,MOB_OTVAD_02,Mob - Architecture optimization & Enhancements,0,0,0,0
154559,154,32,2021-10-19,282,6387,04:00:00,api params object fun added ,1,1,0,,2021-10-21 06:50:25,26,282,RPL_MOB - OT Value Added Features Mobile - Dev,RPL_MOB - OT Value Added Features Mobile - Dev,"RPL_MOB - OT Value Added Features Mobile - Development
",2021-06-01,2022-12-31,1,1,,0,,"6387,6480,6481,",0,0,0,6387,MOB_OTVAD_02,Mob - Architecture optimization & Enhancements,0,0,0,0
154561,154,32,2021-10-20,282,6387,04:00:00,"manual groupbill server sync issue fix , summary preview changes done",1,1,0,,2021-10-21 06:50:37,26,282,RPL_MOB - OT Value Added Features Mobile - Dev,RPL_MOB - OT Value Added Features Mobile - Dev,"RPL_MOB - OT Value Added Features Mobile - Development
",2021-06-01,2022-12-31,1,1,,0,,"6387,6480,6481,",0,0,0,6387,MOB_OTVAD_02,Mob - Architecture optimization & Enhancements,0,0,0,0
154562,154,32,2021-10-20,282,6387,02:25:00,"manual groupbill ui changes , edit issue fix ,payment mode issue fix",1,1,0,,2021-10-21 06:50:37,26,282,RPL_MOB - OT Value Added Features Mobile - Dev,RPL_MOB - OT Value Added Features Mobile - Dev,"RPL_MOB - OT Value Added Features Mobile - Development
",2021-06-01,2022-12-31,1,1,,0,,"6387,6480,6481,",0,0,0,6387,MOB_OTVAD_02,Mob - Architecture optimization & Enhancements,0,0,0,0
154563,154,32,2021-10-20,285,6644,01:20:00,solution documentation  understanding,1,1,0,,2021-10-21 06:50:37,26,285,RPL_MOB - MTR | Development,RPL_MOB - MTR | Development,MTR development activities - Mobility,2021-08-29,2021-12-31,1,1,,0,"2,26,","6482,6577,6580,6612,6613,6614,6644,",0,1,0,6644,MOB_DISC,"Project related Discussions, Team Meeting and Knowledge Transfer",1,0,0,0
154777,26,31,2021-10-20,286,6640,04:00:00,7Mart  - Additional CESS related changes development,1,0,0,,0000-00-00 00:00:00,0,286,RPL_MOB - 7MART | Development,RPL_MOB - 7MART | Development,7MART Development Activities - Mobile,2021-08-29,2021-12-31,1,1,,0,"2,26,","6482,6512,6513,6514,6515,6640,",0,1,0,6640,MOB_7MART_05,CESS for Products,1,0,0,0
154778,26,31,2021-10-20,285,6482,01:00:00,MTR - Technical discussions and allocations,1,0,0,,0000-00-00 00:00:00,0,285,RPL_MOB - MTR | Development,RPL_MOB - MTR | Development,MTR development activities - Mobility,2021-08-29,2021-12-31,1,1,,0,"2,26,","6482,6577,6580,6612,6613,6614,6644,",0,1,0,6482,MOB_PMO,Project Management - Mobile App,0,0,0,0
154779,26,31,2021-10-20,219,6639,03:30:00,Eastern anniversary discount - calculations in sales order and master data fetching,1,0,0,,0000-00-00 00:00:00,0,219,Reizend Pvt Ltd (Mobility) : EASTERN SCA,Reizend Pvt Ltd (Mobility) : EASTERN SCA,Reizend Pvt Ltd (Mobility) : EASTERN SCA,2020-09-01,2022-12-31,2,1,,0,"2,26,","8,5175,5356,5432,5811,5839,5890,6085,6280,6639,",0,1,0,6639,MOB_EasternSCA_Disco,Eastern Anniversary Discount (Mobility),1,0,0,0
154780,26,31,2021-10-20,284,6483,02:00:00,MTR Data preparation - Implementation tracker and estimated vs actual,1,0,0,,0000-00-00 00:00:00,0,284,RPL_MOB - MTR | Execution,RPL_MOB - MTR | Execution,MTR - Project Management Office and Execution,2021-08-29,2021-12-31,1,1,,0,"2,26,","6483,",0,1,0,6483,MTR_PMO,Project Management and Execution (MTR),1,0,0,0
154781,26,31,2021-10-21,219,6639,03:00:00,Eastern anniversary discount - calculations in sales order and master data fetching,1,0,0,,0000-00-00 00:00:00,0,219,Reizend Pvt Ltd (Mobility) : EASTERN SCA,Reizend Pvt Ltd (Mobility) : EASTERN SCA,Reizend Pvt Ltd (Mobility) : EASTERN SCA,2020-09-01,2022-12-31,2,1,,0,"2,26,","8,5175,5356,5432,5811,5839,5890,6085,6280,6639,",0,1,0,6639,MOB_EasternSCA_Disco,Eastern Anniversary Discount (Mobility),1,0,0,0
154782,26,31,2021-10-21,286,6640,03:00:00,"7Mart  - Additional CESS related changes development, bug fixing, released for testing",1,0,0,,0000-00-00 00:00:00,0,286,RPL_MOB - 7MART | Development,RPL_MOB - 7MART | Development,7MART Development Activities - Mobile,2021-08-29,2021-12-31,1,1,,0,"2,26,","6482,6512,6513,6514,6515,6640,",0,1,0,6640,MOB_7MART_05,CESS for Products,1,0,0,0
154783,26,31,2021-10-21,285,6482,01:00:00,"MTR - Technical discussions and allocations, FTP related discussions",1,0,0,,0000-00-00 00:00:00,0,285,RPL_MOB - MTR | Development,RPL_MOB - MTR | Development,MTR development activities - Mobility,2021-08-29,2021-12-31,1,1,,0,"2,26,","6482,6577,6580,6612,6613,6614,6644,",0,1,0,6482,MOB_PMO,Project Management - Mobile App,0,0,0,0
154784,26,31,2021-10-21,286,6482,02:00:00,"7MART - Images and app icon design, playstore management",1,0,0,,0000-00-00 00:00:00,0,286,RPL_MOB - 7MART | Development,RPL_MOB - 7MART | Development,7MART Development Activities - Mobile,2021-08-29,2021-12-31,1,1,,0,"2,26,","6482,6512,6513,6514,6515,6640,",0,1,0,6482,MOB_PMO,Project Management - Mobile App,0,0,0,0
154785,26,31,2021-10-22,219,6639,05:30:00,Eastern anniversary discount - development and release APK for testing,1,0,0,,0000-00-00 00:00:00,0,219,Reizend Pvt Ltd (Mobility) : EASTERN SCA,Reizend Pvt Ltd (Mobility) : EASTERN SCA,Reizend Pvt Ltd (Mobility) : EASTERN SCA,2020-09-01,2022-12-31,2,1,,0,"2,26,","8,5175,5356,5432,5811,5839,5890,6085,6280,6639,",0,1,0,6639,MOB_EasternSCA_Disco,Eastern Anniversary Discount (Mobility),1,0,0,0
154786,26,31,2021-10-22,284,6483,00:30:00,MTR - CR proposal review and task list updations,1,0,0,,0000-00-00 00:00:00,0,284,RPL_MOB - MTR | Execution,RPL_MOB - MTR | Execution,MTR - Project Management Office and Execution,2021-08-29,2021-12-31,1,1,,0,"2,26,","6483,",0,1,0,6483,MTR_PMO,Project Management and Execution (MTR),1,0,0,0
154787,26,31,2021-10-22,285,6482,01:15:00,MTR - Technical discussions and allocations,1,0,0,,0000-00-00 00:00:00,0,285,RPL_MOB - MTR | Development,RPL_MOB - MTR | Development,MTR development activities - Mobility,2021-08-29,2021-12-31,1,1,,0,"2,26,","6482,6577,6580,6612,6613,6614,6644,",0,1,0,6482,MOB_PMO,Project Management - Mobile App,0,0,0,0
154788,26,31,2021-10-22,271,6168,00:45:00,Weekly leaders catchup - Reizend Retail,1,0,0,,0000-00-00 00:00:00,0,271,Reizend Pvt Ltd (Mobility) : Track Management,Reizend Pvt Ltd (Mobility) : Track Management,Reizend Pvt Ltd (Mobility) : Track Management - Mobility,2021-04-01,2021-12-31,1,1,,0,"2,26,99,1,","5,8,24,27,34,40,90,6026,6168,",0,0,0,6168,MOBSCAMEET,Leaders catchup - SCA Mobility,0,0,0,0
154789,26,31,2021-10-22,286,6482,04:00:00,"7Mart - Cloned as new project, package name changed, resource changed, production and UAT URL added, app bundling added in gradle ",1,0,0,,0000-00-00 00:00:00,0,286,RPL_MOB - 7MART | Development,RPL_MOB - 7MART | Development,7MART Development Activities - Mobile,2021-08-29,2021-12-31,1,1,,0,"2,26,","6482,6512,6513,6514,6515,6640,",0,1,0,6482,MOB_PMO,Project Management - Mobile App,0,0,0,0
154988,26,31,2021-10-23,285,6482,01:30:00,"MTR - Git management, code merge, conflicts resolved, pushed to working branches",1,0,0,,0000-00-00 00:00:00,0,285,RPL_MOB - MTR | Development,RPL_MOB - MTR | Development,MTR development activities - Mobility,2021-08-29,2021-12-31,1,1,,0,"2,26,","6482,6577,6580,6612,6613,6614,6644,",0,1,0,6482,MOB_PMO,Project Management - Mobile App,0,0,0,0
154989,26,31,2021-10-23,286,6482,02:15:00,"7Mart - Hosting related activity, publishing app to production, git management, target version updated to 30 and bug fixing",1,0,0,,0000-00-00 00:00:00,0,286,RPL_MOB - 7MART | Development,RPL_MOB - 7MART | Development,7MART Development Activities - Mobile,2021-08-29,2021-12-31,1,1,,0,"2,26,","6482,6512,6513,6514,6515,6640,",0,1,0,6482,MOB_PMO,Project Management - Mobile App,0,0,0,0
154990,26,31,2021-10-23,20,39,00:20:00,Activity log sheet and timesheet management,1,0,0,,0000-00-00 00:00:00,0,20,GORG,Organizational Activities,Organizational Activities,2016-09-01,2021-12-31,3,1,,0,"120,154,40,32,148,2,153,131,71,26,89,139,136,55,66,61,123,130,122,22,6,146,107,134,113,132,87,84,97,108,119,126,117,45,42,142,149,67,114,58,116,141,50,138,9,1,102,125,63,144,78,143,96,36,109,133,129,91,124,88,72,49,5,110,37,118,47,147,7,54,121,100,128,86,73,145,104,135,69,","26,27,28,29,37,38,39,41,67,3769,5326,",0,0,0,39,TIMSHEET,Time spent to fill Time sheet,0,0,0,0
154991,26,31,2021-10-23,219,6639,02:30:00,Eastern Anniversary discount - added in automatic group bill and released for testing,1,0,0,,0000-00-00 00:00:00,0,219,Reizend Pvt Ltd (Mobility) : EASTERN SCA,Reizend Pvt Ltd (Mobility) : EASTERN SCA,Reizend Pvt Ltd (Mobility) : EASTERN SCA,2020-09-01,2022-12-31,2,1,,0,"2,26,","8,5175,5356,5432,5811,5839,5890,6085,6280,6639,",0,1,0,6639,MOB_EasternSCA_Disco,Eastern Anniversary Discount (Mobility),1,0,0,0
154992,26,31,2021-10-24,219,6639,02:00:00,Eastern Anniversary discount - A4 print related bug fixing and released for final phase testing,1,0,0,,0000-00-00 00:00:00,0,219,Reizend Pvt Ltd (Mobility) : EASTERN SCA,Reizend Pvt Ltd (Mobility) : EASTERN SCA,Reizend Pvt Ltd (Mobility) : EASTERN SCA,2020-09-01,2022-12-31,2,1,,0,"2,26,","8,5175,5356,5432,5811,5839,5890,6085,6280,6639,",0,1,0,6639,MOB_EasternSCA_Disco,Eastern Anniversary Discount (Mobility),1,0,0,0
154993,26,31,2021-10-24,285,6482,02:30:00,"MTR - Code review, code merging and git management, bug fixing, release APK for first phase testing.",1,0,0,,0000-00-00 00:00:00,0,285,RPL_MOB - MTR | Development,RPL_MOB - MTR | Development,MTR development activities - Mobility,2021-08-29,2021-12-31,1,1,,0,"2,26,","6482,6577,6580,6612,6613,6614,6644,",0,1,0,6482,MOB_PMO,Project Management - Mobile App,0,0,0,0
154994,26,31,2021-10-24,219,6639,02:00:00,Eastern - Version 11.0.0. - hosting related activities,1,0,0,,0000-00-00 00:00:00,0,219,Reizend Pvt Ltd (Mobility) : EASTERN SCA,Reizend Pvt Ltd (Mobility) : EASTERN SCA,Reizend Pvt Ltd (Mobility) : EASTERN SCA,2020-09-01,2022-12-31,2,1,,0,"2,26,","8,5175,5356,5432,5811,5839,5890,6085,6280,6639,",0,1,0,6639,MOB_EasternSCA_Disco,Eastern Anniversary Discount (Mobility),1,0,0,0
154995,26,31,2021-10-24,286,6482,01:00:00,7Mart - Hosting of application for closed track,1,0,0,,0000-00-00 00:00:00,0,286,RPL_MOB - 7MART | Development,RPL_MOB - 7MART | Development,7MART Development Activities - Mobile,2021-08-29,2021-12-31,1,1,,0,"2,26,","6482,6512,6513,6514,6515,6640,",0,1,0,6482,MOB_PMO,Project Management - Mobile App,0,0,0,0
